recipe_id,country_code,category,recipe_url,name_en,info_short_en,info_long_en,wine_short_en,wine_long_en,name_nl,info_short_nl,info_long_nl,wine_short_nl,wine_long_nl,name_de,info_short_de,info_long_de,wine_short_de,wine_long_de,name_fr,info_short_fr,info_long_fr,wine_short_fr,wine_long_fr
it_tagliatelle_ragu_bolognese,IT,main,https://cdn.shopify.com/s/files/1/1029/8785/8269/files/T1.jpg,Tagliatelle al Ragù Bolognese,Slow-cooked ragù,"A traditional Emilia-Romagna dish of fresh egg tagliatelle dressed with a slow-simmered meat ragù built on soffritto, wine, tomato, and milk, cooked gently until rich and silky. Served as a hearty first course at family lunches or Sunday meals, finished with freshly grated Parmigiano-Reggiano.",Sangiovese or Lambrusco,Pair with a medium-bodied Italian red such as Sangiovese or a dry Lambrusco to match the ragù’s richness and acidity. A lightly oaked white can work if you prefer something softer. Non-alcoholic option: sparkling water with lemon or a lightly tannic black tea served chilled.,Tagliatelle al Ragù Bolognese,Langzaam gegaarde ragù,"Een traditioneel gerecht uit Emilia-Romagna met verse eier-tagliatelle en een langzaam gestoofde vleessaus op basis van soffritto, wijn, tomaat en melk, zachtjes gekookt tot rijk en zijdezacht. Geserveerd als stevige eerste gang bij familielunches of zondagse maaltijden, afgewerkt met versgeraspte Parmigiano-Reggiano.",Sangiovese of Lambrusco,"Combineer met een middelzware Italiaanse rode wijn zoals Sangiovese of een droge Lambrusco die past bij de rijkdom en frisheid van de ragù. Een licht houtgerijpte witte wijn kan ook als je iets zachters wilt. Alcoholvrij: bruiswater met citroen of licht tanninerijke zwarte thee, gekoeld geserveerd.",Tagliatelle al Ragù Bolognese,Langsam geschmortes Ragù,"Ein traditionelles Gericht aus der Emilia-Romagna: frische Eier-Tagliatelle mit einem langsam geschmorten Fleischragù aus Soffritto, Wein, Tomate und Milch, sanft gekocht bis es reichhaltig und seidig ist. Als kräftiger erster Gang bei Familienessen oder Sonntagsmahlzeiten serviert, mit frisch geriebenem Parmigiano-Reggiano vollendet.",Sangiovese oder Lambrusco,"Dazu passt ein mittelkräftiger italienischer Rotwein wie Sangiovese oder ein trockener Lambrusco, der die Fülle und Säure des Ragù aufgreift. Ein leicht im Holz ausgebauter Weißwein kann ebenfalls funktionieren, wenn du es milder magst. Alkoholfrei: Sprudelwasser mit Zitrone oder leicht herber, gekühlter schwarzer Tee.",Tagliatelle al Ragù Bolognese,Ragù mijoté,"Plat traditionnel d’Émilie-Romagne: des tagliatelles fraîches aux œufs nappées d’un ragù de viande mijoté lentement à base de soffritto, vin, tomate et lait, cuit doucement jusqu’à devenir riche et soyeux. Servi en premier plat généreux lors des déjeuners en famille ou des repas du dimanche, fini avec du Parmigiano-Reggiano fraîchement râpé.",Sangiovese ou Lambrusco,"À accompagner d’un rouge italien de corps moyen comme un Sangiovese ou d’un Lambrusco sec, pour répondre à la richesse et à l’acidité du ragù. Un blanc légèrement boisé peut aussi convenir si vous préférez plus doux. Sans alcool: eau pétillante au citron ou thé noir légèrement tannique, servi frais."
it_cacio_e_pepe,IT,main,https://cdn.shopify.com/s/files/1/1029/8785/8269/files/T1.jpg,Cacio e Pepe,Peppery cheese pasta,"A classic Roman pasta built from just pasta, Pecorino Romano, black pepper, and starchy cooking water, creating a glossy, tangy sauce that clings to each strand. Traditionally served hot as a simple yet satisfying main at trattorias and home tables, relying on technique and timing rather than extra ingredients.",Frascati or light red,"Pair with a crisp Roman white such as Frascati, or a light, low-tannin red to let the pepper and cheese shine. Non-alcoholic option: sparkling water or a bitter-sweet citrus soda.",Cacio e Pepe,Peperige kaaspasta,"Een klassieke Romeinse pasta met alleen pasta, Pecorino Romano, zwarte peper en zetmeelrijk kookwater, die samen een glanzende, pittig-hartige saus vormen die aan elke streng kleeft. Traditioneel heet geserveerd als eenvoudige maar bevredigende maaltijd in trattoria’s en thuis, met nadruk op techniek en timing in plaats van extra ingrediënten.",Frascati of lichte rood,"Combineer met een frisse Romeinse witte wijn zoals Frascati, of een lichte rode wijn met weinig tannine zodat peper en kaas kunnen schitteren. Alcoholvrij: bruiswater of een bitterzoete citrusfrisdrank.",Cacio e Pepe,Pfeffrige Käsepasta,"Eine klassische römische Pasta aus nur Pasta, Pecorino Romano, schwarzem Pfeffer und stärkehaltigem Kochwasser, die eine glänzende, pikante Sauce ergibt, die an jeder Nudel haftet. Traditionell heiß als schlichtes, aber sättigendes Hauptgericht in Trattorien und zu Hause serviert, wobei Technik und Timing statt zusätzlicher Zutaten zählen.",Frascati oder leichter Rotwein,"Kombiniere mit einem frischen römischen Weißwein wie Frascati oder einem leichten, tanninarmen Rotwein, damit Pfeffer und Käse im Vordergrund stehen. Alkoholfrei: Sprudelwasser oder eine bittersüße Zitruslimonade.",Cacio e Pepe,Pâtes poivre-fromage,"Classique romain composé uniquement de pâtes, Pecorino Romano, poivre noir et eau de cuisson riche en amidon, formant une sauce brillante et acidulée qui accroche chaque brin. Traditionnellement servi très chaud comme plat principal simple mais rassasiant en trattoria et à la maison, misant sur la technique et le timing plutôt que sur des ingrédients supplémentaires.",Frascati ou rouge léger,"À associer à un blanc romain vif comme le Frascati, ou à un rouge léger et peu tannique pour laisser briller le poivre et le fromage. Sans alcool: eau pétillante ou soda d’agrumes doux-amer."
it_spaghetti_alla_carbonara,IT,main,https://cdn.shopify.com/s/files/1/1029/8785/8269/files/T1.jpg,Spaghetti alla Carbonara,Creamy egg sauce,"A traditional Roman pasta where hot spaghetti is coated in a silky emulsion of egg, Pecorino Romano, and rendered guanciale fat, finished with plenty of black pepper. Served immediately while glossy and hot, carbonara is a staple of trattorias and home kitchens, valued for its richness and careful technique.",Frascati or red,"Pair with a crisp Roman white such as Frascati or a light, low-tannin red that will not overpower the guanciale and pepper. Non-alcoholic option: sparkling water with lemon or a bitter citrus soda.",Spaghetti alla Carbonara,Romige ei-saus,"Een traditionele Romeinse pasta waarbij hete spaghetti wordt omhuld door een zijdezachte emulsie van ei, Pecorino Romano en het uitgebakken vet van guanciale, afgewerkt met royaal zwarte peper. Meteen serveren terwijl het glanst en heet is; carbonara is een vaste waarde in trattoria’s en thuiskeukens, geliefd om zijn rijkdom en precieze techniek.",Frascati of rood,Combineer met een frisse Romeinse witte wijn zoals Frascati of een lichte rode wijn met weinig tannine die guanciale en peper niet overheerst. Alcoholvrij: bruiswater met citroen of een bitter citrusdrankje.,Spaghetti alla Carbonara,Cremige Eiersauce,"Eine traditionelle römische Pasta, bei der heiße Spaghetti von einer seidigen Emulsion aus Ei, Pecorino Romano und ausgelassenem Guanciale-Fett umhüllt werden, mit reichlich schwarzem Pfeffer vollendet. Sofort servieren, solange sie glänzend und heiß ist; Carbonara ist ein Klassiker in Trattorien und Hausküchen, geschätzt für ihren Reichtum und die präzise Technik.",Frascati oder Rotwein,"Dazu passt ein frischer römischer Weißwein wie Frascati oder ein leichter, tanninarmer Rotwein, der Guanciale und Pfeffer nicht überdeckt. Alkoholfrei: Sprudelwasser mit Zitrone oder eine bittere Zitruslimonade.",Spaghetti alla Carbonara,Sauce aux œufs,"Pâtes romaines traditionnelles où des spaghetti chauds sont enrobés d’une émulsion soyeuse d’œuf, de Pecorino Romano et de gras de guanciale fondu, avec beaucoup de poivre noir. Servie immédiatement, brillante et bien chaude; un pilier des trattorias et des cuisines familiales, apprécié pour sa richesse et sa technique précise.",Frascati ou rouge,"À associer à un blanc romain vif comme le Frascati, ou à un rouge léger et peu tannique qui ne dominera pas le guanciale et le poivre. Sans alcool: eau pétillante au citron ou soda d’agrumes amer."
it_pasta_alla_norma,IT,main,https://cdn.shopify.com/s/files/1/1029/8785/8269/files/T1.jpg,Pasta alla Norma,Eggplant tomato pasta,"A traditional Sicilian pasta of fried eggplant tossed with a simple tomato sauce, finished with fragrant basil and a shower of salty ricotta salata. Often made in late summer when eggplants and tomatoes are at their best, it is served hot as a comforting main that balances sweetness, acidity, and savory cheese.",Nero dAvola,"Pair with a Sicilian red such as Nero dAvola, or a dry rosé with good acidity to match the tomato and eggplant. Non-alcoholic option: sparkling water with lemon or a chilled herbal iced tea.",Pasta alla Norma,Aubergine-tomatenpasta,"Een traditionele Siciliaanse pasta met gebakken aubergine in een eenvoudige tomatensaus, afgewerkt met geurige basilicum en een royale hoeveelheid zoute ricotta salata. Vaak gemaakt in nazomer wanneer aubergines en tomaten op hun best zijn; heet geserveerd als troostrijke hoofdmaaltijd met balans tussen zoet, zuur en hartig.",Nero dAvola,"Combineer met een Siciliaanse rode wijn zoals Nero d’Avola, of een droge rosé met goede zuren die passen bij tomaat en aubergine. Alcoholvrij: bruiswater met citroen of gekoelde kruidenthee.",Pasta alla Norma,Auberginen-Tomatenpasta,"Eine traditionelle sizilianische Pasta mit frittierten Auberginen in einer schlichten Tomatensauce, abgeschlossen mit duftendem Basilikum und einer ordentlichen Portion salziger Ricotta salata. Oft im Spätsommer zubereitet, wenn Auberginen und Tomaten am besten sind; heiß serviert als wohltuendes Hauptgericht mit Balance aus Süße, Säure und Würze.",Nero dAvola,"Kombiniere mit einem sizilianischen Rotwein wie Nero d’Avola oder einem trockenen Rosé mit guter Säure, passend zu Tomate und Aubergine. Alkoholfrei: Sprudelwasser mit Zitrone oder gut gekühlter Kräutertee.",Pasta alla Norma,Pâtes aubergine-tomate,"Pâtes siciliennes traditionnelles avec aubergines frites mêlées à une sauce tomate simple, finies avec du basilic parfumé et une pluie de ricotta salata. Souvent préparées en fin d’été quand aubergines et tomates sont au meilleur; servies chaudes comme plat réconfortant, équilibrant douceur, acidité et fromage salé.",Nero dAvola,"À associer à un rouge sicilien comme le Nero d’Avola, ou à un rosé sec à bonne acidité pour accompagner tomate et aubergine. Sans alcool: eau pétillante au citron ou tisane froide aux herbes."
it_risotto_alla_milanese,IT,main,https://cdn.shopify.com/s/files/1/1029/8785/8269/files/T1.jpg,Risotto alla Milanese,Saffron butter risotto,"A traditional Milanese risotto made with Carnaroli or Arborio rice slowly cooked by adding hot broth little by little, finished with butter and Parmigiano-Reggiano for a creamy texture and bright yellow color from saffron. Often served as a first course or alongside ossobuco, it is a centerpiece of Lombardy cooking and best eaten immediately while flowing.",Dry white wine,"Pair with a crisp, dry white such as Pinot Grigio or a northern Italian white with good acidity to balance the butter and cheese. Non-alcoholic option: sparkling water or a lightly sweetened lemon tea served chilled.",Risotto alla Milanese,Saffraanboter risotto,"Een traditionele Milanese risotto van Carnaroli- of Arboriorijst, langzaam gegaard door beetje bij beetje hete bouillon toe te voegen, en afgewerkt met boter en Parmigiano-Reggiano voor een romige textuur en een heldergele kleur door saffraan. Vaak als eerste gang of naast ossobuco; een icoon uit Lombardije, het lekkerst direct geserveerd terwijl hij nog mooi vloeit.",Droge witte wijn,"Combineer met een frisse, droge witte wijn zoals Pinot Grigio of een Noord-Italiaanse witte met goede zuren om boter en kaas in balans te brengen. Alcoholvrij: bruiswater of licht gezoete citroenthee, gekoeld.",Risotto alla Milanese,Safran-Butter-Risotto,"Ein traditionelles Mailänder Risotto aus Carnaroli- oder Arborio-Reis, langsam gegart, indem heiße Brühe nach und nach zugegeben wird, und mit Butter und Parmigiano-Reggiano vollendet für eine cremige Textur und die leuchtend gelbe Farbe durch Safran. Häufig als erster Gang oder zu Ossobuco serviert; ein Herzstück der lombardischen Küche, am besten sofort serviert, wenn es noch schön fließt.",Trockener Weißwein,"Dazu passt ein frischer, trockener Weißwein wie Pinot Grigio oder ein norditalienischer Weißwein mit guter Säure, der Butter und Käse ausbalanciert. Alkoholfrei: Sprudelwasser oder leicht gesüßter Zitronentee, gekühlt serviert.",Risotto alla Milanese,Risotto safran-beurre,"Risotto milanais traditionnel à base de riz Carnaroli ou Arborio, cuit lentement en ajoutant le bouillon chaud petit à petit, puis terminé au beurre et au Parmigiano-Reggiano pour une texture crémeuse et une couleur jaune vive grâce au safran. Souvent servi en primo ou avec l’ossobuco; un incontournable lombard, à déguster aussitôt tant qu’il est bien coulant.",Blanc sec,"À associer à un blanc sec et vif comme un Pinot Grigio, ou à un blanc du nord de l’Italie avec une bonne acidité pour équilibrer beurre et fromage. Sans alcool: eau pétillante ou thé au citron légèrement sucré, servi frais."
it_lasagna_alla_bolognese,IT,main,https://cdn.shopify.com/s/files/1/1029/8785/8269/files/T1.jpg,Lasagna alla Bolognese,Layered baked pasta,"A traditional Emilia-Romagna lasagna made with fresh egg pasta sheets layered with slow-cooked ragù and béchamel, finished with Parmigiano-Reggiano. Baked until bubbling and lightly browned, it is served in generous slices for family Sundays and celebrations, prized for its rich, cohesive layers and deep savory flavor.",Sangiovese or Lambrusco,Pair with Sangiovese or a dry Lambrusco to cut through the richness and match the ragù. A fuller-bodied white with good acidity can also work. Non-alcoholic option: sparkling water or a lightly bitter citrus soda.,Lasagna alla Bolognese,Gelaagde ovenschotel,"Een traditionele lasagne uit Emilia-Romagna met verse eierpasta in lagen met langzaam gegaarde ragù en béchamelsaus, afgewerkt met Parmigiano-Reggiano. Gebakken tot het bubbelt en licht bruint, en in royale stukken geserveerd bij familie-zondagen en feestelijke momenten, gewaardeerd om de rijke, samenhangende lagen en diepe hartige smaak.",Sangiovese of Lambrusco,Combineer met Sangiovese of een droge Lambrusco om door de rijkdom heen te snijden en bij de ragù te passen. Een vollere witte met goede zuren kan ook. Alcoholvrij: bruiswater of een licht bittere citrusfrisdrank.,Lasagna alla Bolognese,Geschichtete Ofenpasta,"Eine traditionelle Lasagne aus der Emilia-Romagna mit frischen Eierpasta-Blättern, geschichtet mit langsam geschmortem Ragù und Béchamelsauce, mit Parmigiano-Reggiano vollendet. Gebacken bis sie blubbert und leicht bräunt, in großzügigen Stücken bei Familien-Sonntagen und Festen serviert, geschätzt für ihre reichen, zusammenhängenden Schichten und den tief herzhaften Geschmack.",Sangiovese oder Lambrusco,"Kombiniere mit Sangiovese oder einem trockenen Lambrusco, um die Reichhaltigkeit zu schneiden und zum Ragù zu passen. Ein vollerer Weißwein mit guter Säure kann ebenfalls funktionieren. Alkoholfrei: Sprudelwasser oder eine leicht bittere Zitruslimonade.",Lasagna alla Bolognese,Pâtes gratinées en couches,"Lasagnes traditionnelles d’Émilie-Romagne réalisées avec des feuilles de pâtes fraîches aux œufs, superposées avec un ragù longuement mijoté et une béchamel, puis finies au Parmigiano-Reggiano. Cuites jusqu’à bouillonner et dorer légèrement, servies en parts généreuses lors des dimanches en famille et des fêtes, appréciées pour leurs couches riches et leur saveur profonde.",Sangiovese ou Lambrusco,À associer à un Sangiovese ou à un Lambrusco sec pour trancher la richesse et accompagner le ragù. Un blanc plus ample avec une bonne acidité peut aussi convenir. Sans alcool: eau pétillante ou soda d’agrumes légèrement amer.
it_ossobuco_alla_milanese,IT,main,https://cdn.shopify.com/s/files/1/1029/8785/8269/files/T1.jpg,Osso Buco alla Milanese,Braised veal shanks,"A classic Lombard braise of cross-cut veal shanks slowly cooked with soffritto, wine, and broth until meltingly tender, served with the marrow at the bone’s center. Traditionally finished with gremolata and often paired with Risotto alla Milanese, it is a celebratory, comforting dish meant for a long, gentle cook and immediate serving.",Barbera or Nebbiolo,Pair with a northern Italian red such as Barbera for bright acidity or a lighter-style Nebbiolo to complement the veal and gremolata. Non-alcoholic option: sparkling water with lemon or a lightly bitter orange soda.,Osso Buco alla Milanese,Gestoofde kalfsschenkels,"Een klassieke Lombardische stoof van in plakken gezaagde kalfsschenkels, langzaam gegaard met soffritto, wijn en bouillon tot boterzacht, geserveerd met het merg in het midden van het bot. Traditioneel afgewerkt met gremolata en vaak gecombineerd met Risotto alla Milanese; een feestelijk, troostrijk gerecht dat vraagt om lang, zacht stoven en direct serveren.",Barbera of Nebbiolo,"Combineer met een Noord-Italiaanse rode wijn zoals Barbera voor frisse zuren, of een lichtere stijl Nebbiolo die past bij kalf en gremolata. Alcoholvrij: bruiswater met citroen of een licht bittere sinaasfrisdrank.",Osso Buco alla Milanese,Geschmorte Kalbshaxen,"Ein klassisches lombardisches Schmorgericht aus quer geschnittenen Kalbshaxen, langsam gegart mit Soffritto, Wein und Brühe bis butterzart, serviert mit dem Mark in der Knochenmitte. Traditionell mit Gremolata vollendet und oft mit Risotto alla Milanese kombiniert; ein festliches, wohltuendes Gericht für langes, sanftes Schmoren und sofortiges Servieren.",Barbera oder Nebbiolo,"Dazu passt ein norditalienischer Rotwein wie Barbera mit frischer Säure oder ein leichterer Nebbiolo-Stil, der Kalb und Gremolata ergänzt. Alkoholfrei: Sprudelwasser mit Zitrone oder eine leicht bittere Orangenlimonade.",Osso Buco alla Milanese,Jarrets de veau braisés,"Braisé lombard classique de jarrets de veau coupés en tranches, mijotés lentement avec soffritto, vin et bouillon jusqu’à devenir fondants, servis avec la moelle au centre de l’os. Traditionnellement fini à la gremolata et souvent accompagné de Risotto alla Milanese; plat festif et réconfortant, destiné à une cuisson longue et douce et à un service immédiat.",Barbera ou Nebbiolo,"À associer à un rouge du nord de l’Italie comme le Barbera pour sa belle acidité, ou à un Nebbiolo dans un style plus léger pour compléter le veau et la gremolata. Sans alcool: eau pétillante au citron ou soda à l’orange légèrement amer."
it_bistecca_alla_fiorentina,IT,main,https://cdn.shopify.com/s/files/1/1029/8785/8269/files/T1.jpg,Bistecca alla Fiorentina,Tuscan grilled steak,"A traditional Tuscan porterhouse-style T-bone steak from Chianina or similar beef, cooked over very hot coals and seasoned simply with salt, pepper, and olive oil. Served rare to medium-rare with a deeply seared crust, it is a centerpiece dish for gatherings, typically paired with rustic sides and enjoyed immediately after resting.",Chianti Classico,Pair with Chianti Classico or another Sangiovese-based Tuscan red with firm acidity and tannin to match the steak. Non-alcoholic option: sparkling water or an unsweetened iced tea with lemon.,Bistecca alla Fiorentina,Toscaanse grillsteak,"Een traditionele Toscaanse porterhouse-achtige T-bonesteak van Chianina of vergelijkbaar rund, bereid boven zeer hete kolen en simpel op smaak gebracht met zout, peper en olijfolie. Rauw tot medium-rare geserveerd met een diepe korst; een pronkstuk voor gezelschappen, meestal met rustieke bijgerechten en direct na het rusten gegeten.",Chianti Classico,Combineer met Chianti Classico of een andere Sangiovese-gedreven Toscaanse rode wijn met stevige zuren en tannine die bij de steak past. Alcoholvrij: bruiswater of ongezoete ijsthee met citroen.,Bistecca alla Fiorentina,Toskanisches Grillsteak,"Ein traditionelles toskanisches Porterhouse-artiges T-Bone-Steak von Chianina oder ähnlichem Rind, über sehr heißer Glut gegart und schlicht mit Salz, Pfeffer und Olivenöl gewürzt. Rare bis medium-rare mit kräftiger Kruste serviert; ein Mittelpunkt für gesellige Runden, meist mit rustikalen Beilagen und direkt nach dem Ruhen genossen.",Chianti Classico,"Kombiniere mit Chianti Classico oder einem anderen Sangiovese-basierten toskanischen Rotwein mit fester Säure und Tannin, passend zum Steak. Alkoholfrei: Sprudelwasser oder ungesüßter Eistee mit Zitrone.",Bistecca alla Fiorentina,Steak toscan grillé,"Steak T-bone traditionnel toscan, type porterhouse, de race Chianina ou bœuf similaire, cuit sur braises très vives et assaisonné simplement de sel, poivre et huile d’olive. Servi saignant à mi-saignant avec une croûte bien marquée; pièce maîtresse des repas conviviaux, souvent avec des accompagnements rustiques, dégustée juste après repos.",Chianti Classico,"À associer à un Chianti Classico ou à un autre rouge toscan à base de Sangiovese, avec une acidité et des tanins solides pour accompagner le steak. Sans alcool: eau pétillante ou thé glacé non sucré au citron."
it_pizza_margherita,IT,main,https://cdn.shopify.com/s/files/1/1029/8785/8269/files/T1.jpg,Pizza Margherita,Neapolitan classic,"A traditional Neapolitan-style pizza with a soft, airy cornicione and a thin center, topped simply with crushed tomatoes, mozzarella, fresh basil, and extra-virgin olive oil. Baked at very high heat and served immediately, it is a staple of pizzerias and home ovens aiming for a fast bake and fresh, balanced flavors.",Italian light red,Pair with a light Italian red such as a young Sangiovese or a dry sparkling wine to match the tomato and cheese. Non-alcoholic option: sparkling water or a chilled lemon soda.,Pizza Margherita,Napolitaanse klassieker,"Een traditionele pizza in Napolitaanse stijl met een zachte, luchtige cornicione en een dun midden, eenvoudig belegd met geplette tomaten, mozzarella, verse basilicum en extra vergine olijfolie. Gebakken op zeer hoge temperatuur en direct geserveerd; een basis van pizzeria’s en thuiskoks die mikken op een korte baktijd en frisse, gebalanceerde smaken.",Lichte Italiaanse rood,"Combineer met een lichte Italiaanse rode wijn, bijvoorbeeld een jonge Sangiovese, of met een droge mousserende wijn die past bij tomaat en kaas. Alcoholvrij: bruiswater of gekoelde citroenlimonade.",Pizza Margherita,Neapolitanischer Klassiker,"Eine traditionelle Pizza neapolitanischer Art mit weichem, luftigem Rand und dünner Mitte, schlicht belegt mit zerdrückten Tomaten, Mozzarella, frischem Basilikum und nativem Olivenöl extra. Bei sehr hoher Hitze gebacken und sofort serviert; ein Grundpfeiler von Pizzerien und Heimöfen, mit Fokus auf kurze Backzeit und frische, ausgewogene Aromen.",Leichter italienischer Rotwein,"Kombiniere mit einem leichten italienischen Rotwein, z. B. jungem Sangiovese, oder einem trockenen Schaumwein, passend zu Tomate und Käse. Alkoholfrei: Sprudelwasser oder gut gekühlte Zitronenlimonade.",Pizza Margherita,Classique napolitain,"Pizza traditionnelle de style napolitain, avec un cornicione souple et aérien et un centre fin, garnie simplement de tomates écrasées, mozzarella, basilic frais et huile d’olive extra vierge. Cuisson très chaude et service immédiat; un incontournable des pizzerias et des fours domestiques visant une cuisson rapide et des saveurs fraîches et équilibrées.",Rouge italien léger,"À associer à un rouge italien léger comme un jeune Sangiovese, ou à un vin effervescent sec pour accompagner tomate et fromage. Sans alcool: eau pétillante ou limonade au citron bien fraîche."
it_bruschetta_al_pomodoro,IT,starter,https://cdn.shopify.com/s/files/1/1029/8785/8269/files/T1.jpg,Bruschetta al Pomodoro,Tomato garlic toast,"A traditional Italian antipasto of grilled or toasted rustic bread rubbed with garlic and topped with chopped ripe tomatoes dressed with extra-virgin olive oil, basil, salt, and pepper. Served immediately while the bread is crisp and warm, it is a classic start to a meal, especially in summer when tomatoes are sweetest.",Dry white wine,Pair with a crisp dry Italian white such as Vermentino or a light-bodied rosé to match the fresh tomato and olive oil. Non-alcoholic option: sparkling water with lemon or an unsweetened iced tea.,Bruschetta al Pomodoro,Tomaat-knoflooktoast,"Een traditionele Italiaanse antipasto van gegrild of geroosterd rustiek brood, ingewreven met knoflook en belegd met fijngehakte rijpe tomaten, aangemaakt met extra vergine olijfolie, basilicum, zout en peper. Meteen serveren terwijl het brood knapperig en warm is; een klassieke start van de maaltijd, vooral in de zomer wanneer tomaten het zoetst zijn.",Droge witte wijn,Combineer met een frisse droge Italiaanse witte wijn zoals Vermentino of een lichte rosé die past bij verse tomaat en olijfolie. Alcoholvrij: bruiswater met citroen of ongezoete ijsthee.,Bruschetta al Pomodoro,Tomaten-Knoblauch-Toast,"Eine traditionelle italienische Antipasto aus gegrilltem oder geröstetem rustikalem Brot, mit Knoblauch eingerieben und mit gehackten reifen Tomaten belegt, angemacht mit nativem Olivenöl extra, Basilikum, Salz und Pfeffer. Sofort serviert, wenn das Brot knusprig und warm ist; ein klassischer Auftakt, besonders im Sommer, wenn Tomaten am süßesten sind.",Trockener Weißwein,"Kombiniere mit einem frischen, trockenen italienischen Weißwein wie Vermentino oder einem leichten Rosé, passend zu Tomate und Olivenöl. Alkoholfrei: Sprudelwasser mit Zitrone oder ungesüßter Eistee.",Bruschetta al Pomodoro,Toast tomate-ail,"Antipasto italien traditionnel de pain rustique grillé ou toasté, frotté à l’ail et garni de tomates mûres hachées, assaisonnées d’huile d’olive extra vierge, basilic, sel et poivre. Servi immédiatement tant que le pain est chaud et croustillant; début de repas classique, surtout en été quand les tomates sont les plus sucrées.",Blanc sec,"À associer à un blanc italien sec et vif comme le Vermentino, ou à un rosé léger, pour accompagner la tomate fraîche et l’huile d’olive. Sans alcool: eau pétillante au citron ou thé glacé non sucré."
it_insalata_caprese,IT,starter,https://cdn.shopify.com/s/files/1/1029/8785/8269/files/T1.jpg,Caprese Salad,Tomato mozzarella basil,"A traditional salad from Campania featuring ripe tomatoes and fresh mozzarella layered with basil, dressed simply with extra-virgin olive oil, salt, and black pepper. Served at room temperature as an antipasto or light course, it highlights peak-season produce and fresh dairy with minimal handling.",Crisp white wine,Pair with a crisp southern Italian white such as Falanghina or a dry rosé to match the freshness of tomato and mozzarella. Non-alcoholic option: sparkling water or a chilled lemonade.,Caprese Salad,Tomaat mozzarella basilicum,"Een traditionele salade uit Campania met rijpe tomaten en verse mozzarella, in laagjes met basilicum, eenvoudig aangemaakt met extra vergine olijfolie, zout en zwarte peper. Op kamertemperatuur geserveerd als antipasto of lichte gang; het benadrukt seizoensproducten en verse zuivel met minimale bewerking.",Frisse witte wijn,Combineer met een frisse Zuid-Italiaanse witte wijn zoals Falanghina of een droge rosé die past bij de frisheid van tomaat en mozzarella. Alcoholvrij: bruiswater of gekoelde limonade.,Caprese Salad,Tomate-Mozzarella-Basilikum,"Ein traditioneller Salat aus Kampanien mit reifen Tomaten und frischem Mozzarella, geschichtet mit Basilikum und schlicht angemacht mit nativem Olivenöl extra, Salz und schwarzem Pfeffer. Bei Zimmertemperatur als Antipasto oder leichter Gang serviert; er hebt saisonale Produkte und frische Milchprodukte hervor, mit minimaler Verarbeitung.",Frischer Weißwein,"Kombiniere mit einem frischen süditalienischen Weißwein wie Falanghina oder einem trockenen Rosé, passend zur Frische von Tomate und Mozzarella. Alkoholfrei: Sprudelwasser oder gut gekühlte Limonade.",Caprese Salad,Tomate-mozzarella-basilic,"Salade traditionnelle de Campanie avec tomates mûres et mozzarella fraîche, alternées avec du basilic et assaisonnées simplement d’huile d’olive extra vierge, de sel et de poivre noir. Servie à température ambiante en antipasto ou en plat léger, elle met en valeur les produits de saison et la fraîcheur des laitages, avec une préparation minimale.",Blanc vif,"À associer à un blanc du sud de l’Italie comme la Falanghina, ou à un rosé sec, pour accompagner la fraîcheur de la tomate et de la mozzarella. Sans alcool: eau pétillante ou citronnade fraîche."
it_prosciutto_e_melone,IT,starter,https://cdn.shopify.com/s/files/1/1029/8785/8269/files/T1.jpg,Prosciutto e Melone,Sweet salty antipasto,"A traditional Italian antipasto pairing ripe melon with thinly sliced prosciutto, balancing sweet, juicy fruit with savory cured ham. Typically served chilled in summer as a simple starter that highlights ingredient quality and requires minimal preparation.",Dry sparkling wine,"Pair with a dry sparkling wine or a light, crisp white to complement the salt and sweetness. Non-alcoholic option: sparkling water or a chilled mint tea.",Prosciutto e Melone,Zoet-zout antipasto,"Een traditionele Italiaanse antipasto die rijpe meloen combineert met flinterdunne prosciutto, met balans tussen zoet, sappig fruit en hartige gedroogde ham. Meestal gekoeld geserveerd in de zomer als eenvoudige starter die draait om ingredientkwaliteit en minimale voorbereiding.",Droge bubbelwijn,"Combineer met een droge mousserende wijn of een lichte, frisse witte wijn die het zout en de zoetheid mooi aanvult. Alcoholvrij: bruiswater of gekoelde muntthee.",Prosciutto e Melone,Süß-salzige Antipasto,"Eine traditionelle italienische Antipasto, die reife Melone mit dünn geschnittenem Prosciutto kombiniert und süßes, saftiges Obst mit herzhaftem Rohschinken ausbalanciert. Typischerweise im Sommer gekühlt serviert, als einfacher Starter, der die Qualität der Zutaten und minimale Zubereitung betont.",Trockener Schaumwein,"Kombiniere mit einem trockenen Schaumwein oder einem leichten, frischen Weißwein, der Salz und Süße ergänzt. Alkoholfrei: Sprudelwasser oder gekühlter Minztee.",Prosciutto e Melone,Antipasto sucré-salé,"Antipasto italien traditionnel associant melon mûr et fines tranches de prosciutto, équilibrant le fruit sucré et juteux avec le jambon sec salé. Généralement servi bien frais en été, en entrée simple qui met l’accent sur la qualité des ingrédients et une préparation minimale.",Effervescent sec,À associer à un vin effervescent sec ou à un blanc léger et vif qui complète le sel et la douceur. Sans alcool: eau pétillante ou thé à la menthe bien frais.
it_vitello_tonnato,IT,starter,https://cdn.shopify.com/s/files/1/1029/8785/8269/files/T1.jpg,Vitello Tonnato,Chilled veal tuna,"A classic Piedmontese antipasto of thinly sliced veal served cold and coated with a creamy sauce made from tuna, capers, anchovy, egg yolk, and olive oil, brightened with lemon. Traditionally prepared ahead and served well chilled, it is a refined starter for lunches and celebrations, often accompanied by simple salads and crusty bread.",Gavi or Arneis,Pair with a crisp Piedmont white such as Gavi or Arneis to match the briny tuna sauce and delicate veal. Non-alcoholic option: sparkling water with lemon or a chilled herbal tea.,Vitello Tonnato,Koud kalf tonijn,"Een klassieke Piemontese antipasto van flinterdun gesneden kalfsvlees, koud geserveerd en bedekt met een romige saus van tonijn, kappertjes, ansjovis, eidooier en olijfolie, opgefrist met citroen. Traditioneel vooraf bereid en goed gekoeld geserveerd; een verfijnde starter voor lunches en feestelijke gelegenheden, vaak met eenvoudige salades en knapperig brood.",Gavi of Arneis,Combineer met een frisse Piemontese witte wijn zoals Gavi of Arneis die past bij de zilte tonijnsaus en het delicate kalf. Alcoholvrij: bruiswater met citroen of gekoelde kruidenthee.,Vitello Tonnato,"Kalb kalt, Thunfischsauce","Eine klassische piemontesische Antipasto aus hauchdünn geschnittenem Kalbfleisch, kalt serviert und mit einer cremigen Sauce aus Thunfisch, Kapern, Anchovis, Eigelb und Olivenöl überzogen, aufgehellt mit Zitrone. Traditionell im Voraus zubereitet und gut gekühlt serviert; ein raffinierter Starter für Lunches und Feiern, oft mit einfachen Salaten und knusprigem Brot.",Gavi oder Arneis,"Kombiniere mit einem frischen piemontesischen Weißwein wie Gavi oder Arneis, passend zur salzigen Thunfischsauce und dem zarten Kalb. Alkoholfrei: Sprudelwasser mit Zitrone oder gekühlter Kräutertee.",Vitello Tonnato,"Veau froid, sauce thon","Antipasto piémontais classique: veau tranché très fin, servi froid et nappé d’une sauce crémeuse à base de thon, câpres, anchois, jaune d’œuf et huile d’olive, relevée au citron. Traditionnellement préparé à l’avance et servi bien frais; entrée raffinée pour déjeuners et célébrations, souvent accompagnée de salades simples et de pain croustillant.",Gavi ou Arneis,"À associer à un blanc piémontais vif comme le Gavi ou l’Arneis, en accord avec la sauce au thon salée et la délicatesse du veau. Sans alcool: eau pétillante au citron ou tisane froide."
it_arancini,IT,starter,https://cdn.shopify.com/s/files/1/1029/8785/8269/files/T1.jpg,Arancini,Crisp rice balls,"Traditional Sicilian arancini are golden, deep-fried rice balls with a creamy saffron rice shell and a savory ragù filling, often with peas and melting cheese at the center. Common as street food and antipasto, they are served hot and crisp right after frying, with the filling rich and the rice tender inside.",Nero dAvola,"Pair with a Sicilian red such as Nero dAvola, or a dry sparkling wine to cut through the fried crust and ragù richness. Non-alcoholic option: sparkling water with lemon or a bitter citrus soda.",Arancini,Krokante rijstballen,"Traditionele Siciliaanse arancini zijn goudbruin gefrituurde rijstballen met een romige saffraanrijst buitenkant en een hartige ragùvulling, vaak met doperwten en smeltende kaas in het midden. Bekend als streetfood en antipasto; heet en knapperig direct na het frituren geserveerd, met rijke vulling en zachte rijst vanbinnen.",Nero dAvola,"Combineer met een Siciliaanse rode wijn zoals Nero d’Avola, of met een droge mousserende wijn om door de gefrituurde korst en de rijke ragù te snijden. Alcoholvrij: bruiswater met citroen of een bitter citrusdrankje.",Arancini,Knusprige Reisbällchen,"Traditionelle sizilianische Arancini sind goldbraun frittierte Reisbällchen mit einer cremigen Safranreis-Hülle und einer herzhaften Ragù-Füllung, oft mit Erbsen und schmelzendem Käse im Kern. Als Streetfood und Antipasto beliebt; heiß und knusprig direkt nach dem Frittieren serviert, innen mit reicher Füllung und zartem Reis.",Nero dAvola,"Kombiniere mit einem sizilianischen Rotwein wie Nero d’Avola oder einem trockenen Schaumwein, um durch die frittierte Kruste und das kräftige Ragù zu schneiden. Alkoholfrei: Sprudelwasser mit Zitrone oder eine bittere Zitruslimonade.",Arancini,Boules de riz croustillantes,"Arancini siciliens traditionnels: boules de riz frites, dorées, avec une enveloppe de riz au safran crémeuse et une farce de ragù savoureuse, souvent avec des petits pois et du fromage fondant au centre. Courants en street food et en antipasto; servis très chauds et croustillants juste après friture, avec une farce riche et un riz tendre.",Nero dAvola,"À associer à un rouge sicilien comme le Nero d’Avola, ou à un effervescent sec pour trancher le croustillant frit et la richesse du ragù. Sans alcool: eau pétillante au citron ou soda d’agrumes amer."
it_calamari_fritti,IT,starter,https://cdn.shopify.com/s/files/1/1029/8785/8269/files/T1.jpg,Calamari Fritti,Crisp fried squid,"A classic Italian antipasto of squid cut into rings, lightly floured, and fried quickly in hot oil until pale golden and crisp. Traditionally served immediately with lemon and a pinch of salt, it is common along coastal regions and enjoyed as a shared starter with a bright, clean finish.",Vermentino or bubbles,Pair with a crisp coastal white such as Vermentino or a dry sparkling wine to cut through the fry and match the seafood. Non-alcoholic option: sparkling water with lemon or a chilled citrus soda.,Calamari Fritti,Krokante inktvis,"Een klassieke Italiaanse antipasto van inktvis in ringen, licht bebloemd en snel gefrituurd in hete olie tot bleekgoud en knapperig. Traditioneel direct geserveerd met citroen en een snuf zout; veel voorkomend langs de kust en geliefd als gedeelde starter met een frisse, schone afdronk.",Vermentino of bubbels,Combineer met een frisse kustwitte wijn zoals Vermentino of een droge mousserende wijn die past bij frituur en zeevruchten. Alcoholvrij: bruiswater met citroen of gekoelde citrusfrisdrank.,Calamari Fritti,Knusprig frittierter Tintenfisch,"Eine klassische italienische Antipasto aus Tintenfischringen, leicht bemehlt und in heißem Öl schnell frittiert, bis sie hellgolden und knusprig sind. Traditionell sofort mit Zitrone und einer Prise Salz serviert; an Küstenregionen verbreitet und als geteilter Starter mit frischem, klarem Finish beliebt.",Vermentino oder Schaumwein,"Kombiniere mit einem frischen Küstenweißwein wie Vermentino oder einem trockenen Schaumwein, der Frittiertes und Meeresfrüchte gut begleitet. Alkoholfrei: Sprudelwasser mit Zitrone oder gut gekühlte Zitruslimonade.",Calamari Fritti,Calamars frits croustillants,"Antipasto italien classique de calamars coupés en anneaux, légèrement farinés puis frits rapidement dans une huile chaude jusqu’à devenir pâles dorés et croustillants. Traditionnellement servis immédiatement avec citron et une pincée de sel; très répandus sur les côtes et appréciés à partager, avec une finale nette et fraîche.",Vermentino ou bulles,"À associer à un blanc côtier vif comme le Vermentino ou à un effervescent sec, parfaits avec le frit et les fruits de mer. Sans alcool: eau pétillante au citron ou soda d’agrumes bien frais."
it_tiramisu,IT,dessert,https://cdn.shopify.com/s/files/1/1029/8785/8269/files/T1.jpg,Tiramisù,Coffee mascarpone dessert,"A traditional Italian dessert of savoiardi biscuits briefly dipped in espresso and layered with a light mascarpone cream made from eggs and sugar, then chilled until set and finished with a dusting of cocoa. Served cold in slices or scoops, it is a classic end to a meal, especially for family gatherings and special occasions.",Vin Santo,"Pair with a small glass of Vin Santo or a gentle, not-too-sweet dessert wine that complements coffee and cocoa. Non-alcoholic option: espresso, cappuccino, or chilled milk with a light cocoa dusting.",Tiramisù,Koffie mascarpone dessert,"Een traditioneel Italiaans dessert van savoiardi die kort in espresso worden gedoopt en in lagen worden opgebouwd met een luchtige mascarponecrème van eieren en suiker, daarna gekoeld tot het stevig is en afgewerkt met cacaopoeder. Koud geserveerd in punten of scheppen; een klassieke afsluiter van de maaltijd, vooral bij familiebijeenkomsten en speciale gelegenheden.",Vin Santo,"Combineer met een klein glas Vin Santo of een zachte, niet te zoete dessertwijn die koffie en cacao aanvult. Alcoholvrij: espresso, cappuccino of koude melk met een lichte cacaodusting.",Tiramisù,Kaffee-Mascarpone-Dessert,"Ein traditionelles italienisches Dessert aus Savoiardi, kurz in Espresso getaucht und in Schichten mit einer luftigen Mascarponecreme aus Eiern und Zucker aufgebaut, dann gekühlt bis es fest ist und mit Kakaopulver bestäubt. Kalt in Stücken oder als Portionen serviert; ein klassischer Abschluss, besonders bei Familientreffen und besonderen Anlässen.",Vin Santo,"Kombiniere mit einem kleinen Glas Vin Santo oder einem sanften, nicht zu süßen Dessertwein, der Kaffee und Kakao ergänzt. Alkoholfrei: Espresso, Cappuccino oder kalte Milch mit einem Hauch Kakao.",Tiramisù,Dessert café-mascarpone,"Dessert italien traditionnel composé de biscuits savoiardi brièvement trempés dans l’espresso et superposés avec une crème légère au mascarpone faite d’œufs et de sucre, puis refroidi jusqu’à prise et fini par une poudre de cacao. Servi froid en parts ou en portions; classique de fin de repas, surtout lors des réunions de famille et des occasions spéciales.",Vin Santo,"À associer à un petit verre de Vin Santo ou à un vin doux de dessert, pas trop sucré, qui complète café et cacao. Sans alcool: espresso, cappuccino, ou lait froid avec une légère touche de cacao."
it_cannoli_siciliani,IT,dessert,https://cdn.shopify.com/s/files/1/1029/8785/8269/files/T1.jpg,Cannoli,Crisp ricotta tubes,"Traditional Sicilian cannoli are crisp fried pastry shells wrapped around a tube and filled at the last moment with sweetened ricotta, often scented with citrus and a touch of spice. Served as a celebratory pastry in bars and homes, they are best enjoyed soon after filling so the shell stays shatteringly crisp.",Marsala or Moscato,Pair with a small glass of Marsala or a lightly sparkling sweet wine such as Moscato to echo the pastry and ricotta. Non-alcoholic option: espresso or sparkling water with a twist of orange.,Cannoli,Krokante ricottabuizen,"Traditionele Siciliaanse cannoli zijn knapperige gefrituurde deegrolletjes om een buis, gevuld op het laatste moment met gezoete ricotta, vaak geparfumeerd met citrus en een vleugje specerij. Geserveerd als feestelijk gebak in bars en thuis; het lekkerst kort na het vullen zodat de huls heerlijk knapperig blijft.",Marsala of Moscato,Combineer met een klein glas Marsala of een licht mousserende zoete wijn zoals Moscato die het gebak en de ricotta ondersteunt. Alcoholvrij: espresso of bruiswater met een stukje sinaasappelschil.,Cannoli,Knusprige Ricotta-Röllchen,"Traditionelle sizilianische Cannoli sind knusprig frittierte Teighülsen um ein Röhrchen, erst kurz vor dem Servieren mit gesüßter Ricotta gefüllt, oft mit Zitrusnoten und einem Hauch Gewürz. Als festliches Gebäck in Bars und zu Hause serviert; am besten kurz nach dem Füllen, damit die Hülle splitterknusprig bleibt.",Marsala oder Moscato,"Kombiniere mit einem kleinen Glas Marsala oder einem leicht perlenden Süßwein wie Moscato, der Gebäck und Ricotta unterstreicht. Alkoholfrei: Espresso oder Sprudelwasser mit einem Stück Orangenschale.",Cannoli,Tubes ricotta croustillants,"Cannoli siciliens traditionnels: coques de pâte frites croustillantes enroulées autour d’un tube, garnies au dernier moment de ricotta sucrée, souvent parfumée aux agrumes et à une pointe d’épice. Servis comme pâtisserie de fête dans les bars et à la maison; à déguster rapidement après garnissage pour garder la coque très croustillante.",Marsala ou Moscato,"À associer à un petit verre de Marsala ou à un vin doux légèrement pétillant comme le Moscato, pour faire écho à la pâtisserie et à la ricotta. Sans alcool: espresso ou eau pétillante avec un zeste d’orange."
it_panna_cotta,IT,dessert,https://cdn.shopify.com/s/files/1/1029/8785/8269/files/T1.jpg,Panna Cotta,Silky set cream,"A traditional Italian set cream dessert made by gently heating cream with sugar and vanilla, then setting it with gelatin for a smooth, delicate wobble. Served chilled in small molds, it is a classic, understated finish to a meal, prized for its clean dairy flavor and soft texture.",Moscato dAsti,"Pair with a lightly sparkling sweet wine such as Moscato dAsti, or a small pour of Vin Santo for a richer match. Non-alcoholic option: espresso or sparkling water with a twist of lemon.",Panna Cotta,Zijdezachte roompudding,"Een traditioneel Italiaans dessert van room die zachtjes wordt verwarmd met suiker en vanille en vervolgens wordt gezet met gelatine voor een gladde, delicate wiebel. Koud geserveerd in kleine vormpjes; een klassieke, ingetogen afsluiter, gewaardeerd om de pure zuivelsmaak en zachte textuur.",Moscato dAsti,"Combineer met een licht mousserende zoete wijn zoals Moscato d’Asti, of met een klein scheutje Vin Santo voor een rijkere match. Alcoholvrij: espresso of bruiswater met een draai citroen.",Panna Cotta,Seidig gestockte Sahne,"Ein traditionelles italienisches Dessert aus Sahne, die sanft mit Zucker und Vanille erhitzt und dann mit Gelatine zu einem glatten, zart wackelnden Pudding gesetzt wird. Kalt in kleinen Förmchen serviert; ein klassischer, zurückhaltender Abschluss, geschätzt für den klaren Milchgeschmack und die weiche Textur.",Moscato dAsti,Kombiniere mit einem leicht perlenden Süßwein wie Moscato d’Asti oder mit einem kleinen Schuss Vin Santo für eine reichere Kombination. Alkoholfrei: Espresso oder Sprudelwasser mit einem Zitronendreh.,Panna Cotta,Crème prise soyeuse,"Dessert italien traditionnel de crème chauffée doucement avec sucre et vanille, puis prise avec de la gélatine pour une texture lisse et un léger frémissement. Servie bien froide en petits moules, c’est une fin de repas classique et discrète, appréciée pour sa pureté lactée et sa douceur.",Moscato dAsti,"À associer à un vin doux légèrement pétillant comme le Moscato d’Asti, ou à un petit verre de Vin Santo pour une alliance plus riche. Sans alcool: espresso ou eau pétillante avec un trait de citron."
it_panettone,IT,dessert,https://cdn.shopify.com/s/files/1/1029/8785/8269/files/T1.jpg,Panettone,Festive sweet bread,"A traditional Italian holiday bread from Milan, enriched with butter, eggs, and sugar, and studded with raisins and candied citrus. Slow rises create a light, shreddable crumb and a tall, domed loaf, typically served in slices at room temperature for Christmas and New Year gatherings.",Moscato or Prosecco,"Pair with Moscato dAsti or a dry Prosecco to balance the sweet, buttery crumb and candied fruit. Non-alcoholic option: espresso or a hot black tea with orange peel.",Panettone,Feestelijk zoet brood,"Een traditioneel Italiaans feestbrood uit Milaan, verrijkt met boter, eieren en suiker en gevuld met rozijnen en gekonfijt citrus. Langzame rijzen zorgen voor een luchtige, draderige kruim en een hoge, bolle vorm; meestal op kamertemperatuur in plakken geserveerd rond Kerst en Oud & Nieuw.",Moscato of Prosecco,"Combineer met Moscato d’Asti of een droge Prosecco om de zoete, boterige kruim en het gekonfijte fruit in balans te brengen. Alcoholvrij: espresso of hete zwarte thee met sinaasappelschil.",Panettone,Festliches Süßbrot,"Ein traditionelles italienisches Festbrot aus Mailand, reich an Butter, Eiern und Zucker und mit Rosinen sowie kandierten Zitrusfrüchten gespickt. Langsame Gehzeiten sorgen für eine leichte, faserige Krume und einen hohen, gewölbten Laib; typischerweise in Scheiben bei Zimmertemperatur zu Weihnachten und Neujahr serviert.",Moscato oder Prosecco,"Kombiniere mit Moscato d’Asti oder einem trockenen Prosecco, um die süße, buttrige Krume und die kandierten Früchte auszubalancieren. Alkoholfrei: Espresso oder heißer schwarzer Tee mit Orangenschale.",Panettone,Brioche de fête,"Pain sucré festif traditionnel de Milan, enrichi en beurre, œufs et sucre, et garni de raisins secs et d’agrumes confits. Les longues levées donnent une mie légère et filante et un grand dôme; servi en tranches à température ambiante pendant Noël et le Nouvel An.",Moscato ou Prosecco,À associer à un Moscato d’Asti ou à un Prosecco sec pour équilibrer la mie sucrée et beurrée et les fruits confits. Sans alcool: espresso ou thé noir chaud avec zeste d’orange.
it_zabaione,IT,dessert,https://cdn.shopify.com/s/files/1/1029/8785/8269/files/T1.jpg,Zabaione,Warm wine custard,"A traditional Italian dessert of egg yolks and sugar whisked over gentle heat with Marsala wine until thick, airy, and foamy. Served warm in small cups, it is a classic, comforting finish to a meal and also enjoyed as a sweet sauce for simple pastries.",Marsala,"Pair with a small glass of Marsala to echo the custard’s flavor, or a lightly sweet sparkling wine for contrast. Non-alcoholic option: a small cup of espresso or a warm vanilla black tea.",Zabaione,Warme wijnsabayon,"Een traditioneel Italiaans dessert van eidooiers en suiker die au bain-marie met Marsalawijn worden opgeklopt tot dik, luchtig en schuimig. Warm geserveerd in kleine glaasjes; een klassieke, troostrijke afsluiter, en ook geliefd als zoete saus bij eenvoudig gebak.",Marsala,"Combineer met een klein glas Marsala om de smaak van de sabayon te versterken, of met een licht zoete mousserende wijn voor contrast. Alcoholvrij: een klein kopje espresso of warme vanillezwarte thee.",Zabaione,Warme Weinschaumcreme,"Ein traditionelles italienisches Dessert aus Eigelb und Zucker, über sanfter Hitze mit Marsala aufgeschlagen, bis es dick, luftig und schaumig ist. Warm in kleinen Gläsern serviert; ein klassischer, wohltuender Abschluss und auch beliebt als süße Sauce zu einfachem Gebäck.",Marsala,"Kombiniere mit einem kleinen Glas Marsala, um die Aromen der Creme zu spiegeln, oder mit einem leicht süßen Schaumwein als Kontrast. Alkoholfrei: ein kleiner Espresso oder warmer Vanille-Schwarztee.",Zabaione,Sabayon chaud au vin,"Dessert italien traditionnel de jaunes d’œufs et de sucre fouettés doucement avec du Marsala jusqu’à obtenir une crème épaisse, aérienne et mousseuse. Servi chaud en petites coupes; une fin de repas classique et réconfortante, également appréciée comme sauce sucrée pour des pâtisseries simples.",Marsala,"À associer à un petit verre de Marsala pour rappeler la saveur, ou à un effervescent légèrement doux pour le contraste. Sans alcool: un petit espresso ou un thé noir à la vanille servi chaud."
it_crostata_di_marmellata,IT,dessert,https://cdn.shopify.com/s/files/1/1029/8785/8269/files/T1.jpg,Crostata di Marmellata,Jam tart classic,"A traditional Italian crostata made with pasta frolla, a tender butter shortcrust, filled with fruit jam and finished with the classic lattice top. Baked until golden and set, it is served at room temperature in slices as a simple home-style dessert or at breakfast with coffee.",Vin Santo,Pair with Vin Santo or a lightly sweet sparkling wine that complements buttery pastry and fruit. Non-alcoholic option: espresso or black tea with lemon.,Crostata di Marmellata,Klassieke jamtaart,"Een traditionele Italiaanse crostata met pasta frolla, een malse boterige zanddeegbodem, gevuld met fruitjam en afgewerkt met het klassieke rasterdeeg. Gebakken tot goudbruin en stevig, en op kamertemperatuur in punten geserveerd als eenvoudig huiselijk dessert of bij het ontbijt met koffie.",Vin Santo,Combineer met Vin Santo of een licht mousserende zoete wijn die past bij boterig deeg en fruit. Alcoholvrij: espresso of zwarte thee met citroen.,Crostata di Marmellata,Klassische Marmeladentarte,"Eine traditionelle italienische Crostata aus Pasta frolla, einem zarten Butter-Mürbeteig, gefüllt mit Fruchtmarmelade und mit dem klassischen Gittermuster bedeckt. Goldbraun gebacken und fest, bei Zimmertemperatur in Stücken serviert als schlichtes Hausdessert oder zum Frühstück mit Kaffee.",Vin Santo,"Kombiniere mit Vin Santo oder einem leicht perlenden Süßwein, der buttriges Gebäck und Frucht ergänzt. Alkoholfrei: Espresso oder schwarzer Tee mit Zitrone.",Crostata di Marmellata,Tarte à la confiture,"Crostata italienne traditionnelle à base de pasta frolla, une pâte sablée au beurre tendre, garnie de confiture de fruits et recouverte d’un classique quadrillage. Cuite jusqu’à dorée et prise, servie à température ambiante en parts comme dessert simple de maison ou au petit-déjeuner avec du café.",Vin Santo,À associer à un Vin Santo ou à un vin doux légèrement pétillant qui complète le beurre de la pâte et le fruit. Sans alcool: espresso ou thé noir au citron.
it_gelato_alla_crema,IT,dessert,https://cdn.shopify.com/s/files/1/1029/8785/8269/files/T1.jpg,Gelato alla Crema,Silky custard gelato,"A traditional Italian custard gelato made from milk, cream, sugar, and egg yolks, gently cooked to a smooth base and churned until dense and creamy. Served in small scoops or cones, it is a classic gelateria flavor and a simple, elegant finish to a meal, best enjoyed freshly churned and well chilled.",Moscato dAsti,Pair with Moscato dAsti or another lightly sweet sparkling wine that won’t overpower the delicate custard. Non-alcoholic option: espresso or chilled sparkling water.,Gelato alla Crema,Zijdezachte custardgelato,"Een traditionele Italiaanse custardgelato van melk, room, suiker en eidooiers, zachtjes gekookt tot een gladde basis en gedraaid tot compact en romig. Geserveerd in kleine bolletjes of hoorntjes; een klassieke gelateriasmaak en een elegante afsluiter, het lekkerst vers gedraaid en goed koud.",Moscato dAsti,Combineer met Moscato d’Asti of een andere licht mousserende zoete wijn die de delicate custardsmaak niet overstemt. Alcoholvrij: espresso of gekoeld bruiswater.,Gelato alla Crema,Seidiges Cremegelato,"Ein traditionelles italienisches Cremegelato auf Custard-Basis aus Milch, Sahne, Zucker und Eigelb, sanft zu einer glatten Basis gekocht und anschließend zu einem dichten, cremigen Gelato gefroren. In kleinen Kugeln oder in der Waffel serviert; ein klassischer Gelateria-Geschmack und ein eleganter Abschluss, am besten frisch gemacht und gut gekühlt.",Moscato dAsti,"Kombiniere mit Moscato d’Asti oder einem anderen leicht perlenden Süßwein, der die feine Custard-Note nicht überdeckt. Alkoholfrei: Espresso oder gut gekühltes Sprudelwasser.",Gelato alla Crema,Gelato crème-custard,"Gelato italien traditionnel type crème pâtissière, à base de lait, crème, sucre et jaunes d’œufs, cuit doucement en base lisse puis turbiné pour une texture dense et crémeuse. Servi en petites boules ou en cornet; parfum classique de gelateria et fin de repas élégante, idéalement dégusté fraîchement turbiné et bien froid.",Moscato dAsti,À associer à un Moscato d’Asti ou à un autre vin doux légèrement pétillant qui ne couvrira pas la délicatesse de la crème. Sans alcool: espresso ou eau pétillante bien fraîche.